{
	"Version": 3,
	"Meta": {
		"Duration": 0.983,
		"Fps": 60.0,
		"Loop": true,
		"AreBeziersRestricted": true,
		"CurveCount": 4,
		"TotalSegmentCount": 26,
		"TotalPointCount": 62,
		"UserDataCount": 0,
		"TotalUserDataSize": 0
	},
	"Curves": [
		{
			"Target": "Parameter",
			"Id": "AnimLine",
			"Segments": [
				0,
				0,
				1,
				0.039,
				0,
				0.078,
				1,
				0.117,
				1,
				1,
				0.161,
				1,
				0.206,
				0,
				0.25,
				0,
				1,
				0.289,
				0,
				0.328,
				1,
				0.367,
				1,
				1,
				0.411,
				1,
				0.456,
				0,
				0.5,
				0,
				1,
				0.539,
				0,
				0.578,
				1,
				0.617,
				1,
				1,
				0.661,
				1,
				0.706,
				0,
				0.75,
				0,
				1,
				0.789,
				0,
				0.828,
				1,
				0.867,
				1,
				1,
				0.906,
				1,
				0.944,
				0.234,
				0.983,
				0.043
			]
		},
		{
			"Target": "Parameter",
			"Id": "AnimLoading1",
			"Segments": [
				0,
				0,
				0,
				0.2,
				-1,
				0,
				0.4,
				-1,
				0,
				0.6,
				0,
				0,
				0.8,
				1,
				0,
				0.983,
				1
			]
		},
		{
			"Target": "Parameter",
			"Id": "AnimLoading2",
			"Segments": [
				0,
				0,
				0,
				0.2,
				0,
				0,
				0.4,
				1,
				0,
				0.6,
				1,
				0,
				0.8,
				1,
				0,
				0.983,
				0.083
			]
		},
		{
			"Target": "Parameter",
			"Id": "ParamStep",
			"Segments": [
				0,
				-10,
				1,
				0.039,
				-10,
				0.078,
				10,
				0.117,
				10,
				1,
				0.161,
				10,
				0.206,
				-10,
				0.25,
				-10,
				1,
				0.289,
				-10,
				0.328,
				10,
				0.367,
				10,
				1,
				0.411,
				10,
				0.456,
				-10,
				0.5,
				-10,
				1,
				0.539,
				-10,
				0.578,
				10,
				0.617,
				10,
				1,
				0.661,
				10,
				0.706,
				-10,
				0.75,
				-10,
				1,
				0.789,
				-10,
				0.828,
				10,
				0.867,
				10,
				1,
				0.906,
				10,
				0.944,
				-5.313,
				0.983,
				-9.141
			]
		}
	]
}